channel,total_spend,total_conversions,total_revenue,cac,roas
Email,9428.02,9336,629279.84,1.00985646958012,66.74570482455488
Paid Search,85112.15,20812,1309619.61,4.089570920622718,15.386987756742135
Affiliate,58446.13,6123,419612.97,9.545342152539604,7.179482542300063
Paid Social,116772.29,7483,488154.55,15.60501002271816,4.18039716443002
Display,67130.07,788,51760.79,85.19044416243656,0.7710522274146294
