segment,customers,avg_monetary,total_monetary
Champions,451,723.2819944567628,326200.1795
Loyal Customers,429,344.20247435897437,147662.8615
Lost / Churned,526,163.1950095057034,85840.575
At Risk,132,147.3915984848485,19455.691
Potential Loyalist,263,69.81185551330799,18360.518
